freq,z_re,neg_z_im
1000000,10.02,0.01
316227.766,10.08,0.08
100000,10.31,0.32
31622.7766,11.10,1.05
10000,13.20,3.10
3162.27766,18.50,7.60
1000,27.40,13.50
316.227766,39.60,18.20
100,51.20,18.00
31.6227766,61.50,13.80
10,68.40,8.20
3.16227766,72.30,4.20
1,74.00,2.10
0.316227766,74.80,1.00
0.1,75.10,0.48
0.0316227766,75.20,0.21
0.01,75.25,0.10
